Opportunity ID,Account ID,Stage,Billing Country,Billing State/Province,Type,Lead Source,Close Date,Probability (%),Fiscal Period,Age,Created Date
0063000000lA5DJ,0013000000jGxZg,Closed Lost,,,Production License,Web Site,2/17/2009,0,Q1-2009,70,12/9/2008
0063000000lA5DK,0013000000jGxZh,Closed Lost,Canada,ON,Production License,Cold Call,9/30/2009,0,Q3-2009,99,6/23/2009
0063000000lA5DN,0013000000jGxZl,Closed Lost,,,Production License,Trade Show,6/15/2009,0,Q2-2009,176,12/21/2008
0063000000lA5DO,0013000000jGxZm,Closed Lost,,,Production License,Web Site,12/31/2009,0,Q4-2009,165,7/19/2009
0063000000lA5Df,0013000000jGxZn,Closed Lost,,,Production License,Web Site,12/31/2009,0,Q4-2009,287,3/19/2009
0063000000lA5GK,0013000000jGxZp,Closed Lost,,,Service,,12/31/2009,0,Q4-2009,82,10/10/2009
0063000000lA5Ex,0013000000jGxZp,Closed Lost,,,,,3/31/2010,0,Q1-2010,203,9/9/2009
0063000000lA5Ei,0013000000jGxZp,Closed Lost,,,,,6/30/2009,0,Q2-2009,33,5/28/2009
0063000000lA5EX,0013000000jGxZp,Closed Lost,,,,,11/30/2009,0,Q4-2009,162,6/21/2009
0063000000lA5E3,0013000000jGxZp,Closed Won,,,Production License,Web Site,9/2/2009,100,Q3-2009,99,5/26/2009
0063000000lA5Dj,0013000000jGxZp,Closed Won,,,Service,Web Site,7/15/2009,100,Q3-2009,64,5/12/2009
0063000000lA5D9,0013000000jGxZp,Closed Lost,,,,,2/28/2010,0,Q1-2010,252,6/21/2009
0063000000lA5DT,0013000000jGxZq,Closed Lost,,,Other,Web Site,9/3/2009,0,Q3-2009,131,4/25/2009
0063000000lA5GI,0013000000jGxZr,Closed Won,,,Production License,,2/11/2010,100,Q1-2010,70,12/3/2009
0063000000lA5Dc,0013000000jGxZr,Closed Won,,,Production License,Web Site,4/7/2009,100,Q2-2009,67,1/30/2009
0063000000lA5EI,0013000000jGxZt,Closed Lost,India,,Partner Commission,,3/31/2010,0,Q1-2010,281,6/23/2009
0063000000lA5DZ,0013000000jGxZt,Closed Lost,India,,,Web Site,3/31/2010,0,Q1-2010,336,4/29/2009
0063000000lA5DS,0013000000jGxZu,Closed Lost,,CT,License,Campaign,9/30/2010,0,Q3-2010,469,6/18/2009
0063000000lA5DR,0013000000jGxZw,Closed Lost,,,Production License,Web Site,12/31/2009,0,Q4-2009,130,8/23/2009
0063000000lA5DA,0013000000jGxZx,Closed Lost,India,,Other,Web Site,4/30/2009,0,Q2-2009,108,1/12/2009
0063000000lA5Dn,0013000000jGxZz,Closed Lost,,,Production License,Web Site,4/7/2009,0,Q2-2009,84,1/13/2009
0063000000lA5Dd,0013000000jGxa1,Closed Lost,,,Production License,Web Site,5/29/2009,0,Q2-2009,30,4/29/2009
0063000000lA5Dh,0013000000jGxa2,Closed Lost,,,Other,Web Site,12/31/2009,0,Q4-2009,240,5/5/2009
0063000000lA5EU,0013000000jGxa3,Closed Lost,Russian Federation,,,Web Site,9/30/2009,0,Q3-2009,120,6/2/2009
0063000000lA5GN,0013000000jGxa3,Closed Lost,Russian Federation,,,,12/31/2009,0,Q4-2009,196,6/18/2009
0063000000lA5DX,0013000000jGxa5,Closed Lost,,AZ,Production License,,12/31/2009,0,Q4-2009,196,6/18/2009
0063000000lA5E7,0013000000jGxa6,Closed Won,,,Production License,Web Site,4/2/2009,100,Q2-2009,87,1/5/2009
0063000000lA5De,0013000000jGxa7,Closed Lost,,,Partner Commission,Other,6/30/2009,0,Q2-2009,12,6/18/2009
0063000000lA5Dl,0013000000jGxa8,Closed Lost,,,Production License,Web Site,12/31/2009,0,Q4-2009,217,5/28/2009
00630000010Obwx,0013000000jGxa9,Closed Won,United States,NJ,Service,Existing Account,6/3/2015,100,Q2-2015,44,4/20/2015
00630000010MmnR,0013000000jGxa9,Closed Won,United States,NJ,License,Employee Referral,3/2/2015,100,Q1-2015,21,2/9/2015
0063000000yVWpH,0013000000jGxa9,Closed Lost,United States,NJ,License,linkedinad,12/25/2020,0,Q4-2020,2440,4/21/2014
00630000011isny,0013000000jGxa9,Closed Won,United States,NJ,Service,Existing Account,9/30/2015,100,Q3-2015,58,8/3/2015
00630000010P7By,0013000000jGxa9,Procurement,United States,NJ,License & Service,Existing Account,2/10/2016,80,Q1-2016,275,5/11/2015
00630000010OSuK,0013000000jGxa9,Closed Won,United States,NJ,Service,Existing Account,6/3/2015,100,Q2-2015,51,4/13/2015
0063000000lA5DY,0013000000jGxa9,Closed Lost,United States,NJ,Production License,Self Generated,9/30/2010,0,Q3-2010,588,2/19/2009
0063000000o5HT8,0013000000jGxa9,Closed Lost,United States,NJ,License,,3/30/2012,0,Q1-2012,161,10/21/2011
0063000000lA5DP,0013000000jGxaB,Closed Lost,,,Production License,Web Site,5/29/2009,0,Q2-2009,64,3/26/2009
0063000000lA5E2,0013000000jGxaC,Closed Lost,,,,Web Site,9/30/2009,0,Q3-2009,104,6/18/2009
0063000000lA5Dq,0013000000jGxaC,Closed Lost,,,Production License,Web Site,7/9/2009,0,Q3-2009,67,5/3/2009
0063000000lA5Er,0013000000jGxaD,Closed Lost,,,Quick Start License,Web Site,6/30/2010,0,Q2-2010,310,8/24/2009
0063000000lA5Dg,0013000000jGxaD,Closed Lost,,,,Web Site,9/30/2009,0,Q3-2009,73,7/19/2009
0063000000lA5Di,0013000000jGxaE,Closed Lost,,TX,,Campaign,3/31/2010,0,Q1-2010,286,6/18/2009
0063000000lA5Do,0013000000jGxaG,Closed Won,,,Other,Campaign,8/30/2009,100,Q3-2009,117,5/5/2009
0063000000lA5DI,0013000000jGxaH,Closed Lost,,,Production License,Web Site,4/1/2009,0,Q2-2009,51,2/9/2009
0063000000lA5Dm,0013000000jGxaJ,Closed Lost,,,Production License,Web Site,6/24/2009,0,Q2-2009,170,1/5/2009
0063000000lA5DG,0013000000jGxaK,Closed Lost,United States,IL,,,3/31/2010,0,Q1-2010,309,5/26/2009
0063000000lA5Dr,0013000000jGxaN,Closed Lost,,,Other,Web Site,12/31/2009,0,Q4-2009,228,5/17/2009
0063000000lA5Dv,0013000000jGxaO,Closed Lost,Canada,ON,Service,Web Site,4/22/2011,0,Q2-2011,731,4/21/2009
0063000000lA5Dp,0013000000jGxaR,Closed Lost,,,Production License,Web Site,9/30/2010,0,Q3-2010,403,8/23/2009
0063000000lA5Eh,0013000000jGxaS,Closed Lost,,,Production License,,5/31/2011,0,Q2-2011,663,8/6/2009
0063000000lA5DQ,0013000000jGxaT,Closed Lost,,,Quick Start License,,3/31/2010,0,Q1-2010,247,7/27/2009
0063000000lA5Du,0013000000jGxaU,Closed Lost,,,Other,Web Site,7/2/2009,0,Q3-2009,63,4/30/2009
0063000000lA5E1,0013000000jGxaV,Closed Lost,,MA,Production License,Web Site,6/30/2009,0,Q2-2009,64,4/27/2009
0063000000lA5GJ,0013000000jGxaW,Closed Lost,United Kingdom,,Service,,3/31/2010,0,Q1-2010,48,2/11/2010
0063000000lA5GF,0013000000jGxaW,Closed Lost,United Kingdom,,Partner Commission,,6/30/2010,0,Q2-2010,263,10/10/2009
0063000000lA5Dx,0013000000jGxaW,Closed Won,United Kingdom,,Production License,Campaign,11/6/2009,100,Q4-2009,75,8/23/2009
0063000000lA5Dk,0013000000jGxaW,Closed Won,United Kingdom,,Partner Commission,Existing Account,9/30/2009,100,Q3-2009,21,9/9/2009
0063000000lA5GM,0013000000jGxaW,Closed Lost,United Kingdom,,Service,Existing Customer,1/3/2012,0,Q1-2012,589,5/24/2010
0063000000lA5Dy,0013000000jGxaX,Closed Lost,,,Production License,Web Site,6/1/2009,0,Q2-2009,117,2/4/2009
0063000000lA5Ea,0013000000jGxaY,Closed Lost,,,,Web Site,9/30/2009,0,Q3-2009,121,6/1/2009
0063000000lA5Dz,0013000000jGxaY,Closed Lost,,,Production License,Web Site,7/6/2009,0,Q3-2009,18,6/18/2009
0063000000lA5Dw,0013000000jGxaZ,Closed Lost,United States,TX,Other,Self Generated,3/2/2009,0,Q1-2009,82,12/10/2008
0063000000lA5E6,0013000000jGxab,Closed Lost,Estonia,,Production License,Trade Show,5/30/2009,0,Q2-2009,117,2/2/2009
0063000000lA5E5,0013000000jGxac,Closed Lost,,,Production License,Web Site,12/31/2009,0,Q4-2009,130,8/23/2009
0063000000lA5EA,0013000000jGxad,Closed Lost,,,Production License,Web Site,2/28/2009,0,Q1-2009,60,12/30/2008
0063000000lA5GE,0013000000jGxae,Closed Won,,,Production License,,12/31/2009,100,Q4-2009,28,12/3/2009
0063000000lA5E8,0013000000jGxag,Closed Lost,,,Other,Self Generated,4/2/2009,0,Q2-2009,110,12/13/2008
0063000000lA5DL,0013000000jGxah,Closed Lost,,,Production License,Web Site,7/15/2010,0,Q3-2010,353,7/27/2009
0063000000lA5EB,0013000000jGxak,Closed Lost,,,Quick Start License,Web Site,6/30/2010,0,Q2-2010,311,8/23/2009
0063000000lA5EF,0013000000jGxal,Closed Lost,,,Production License,Web Site,7/28/2009,0,Q3-2009,40,6/18/2009
0063000000lA5EE,0013000000jGxam,Closed Lost,United States,,,Web Site,3/31/2020,0,Q1-2020,3939,6/18/2009
0063000000lA5Da,0013000000jGxan,Closed Lost,,,Other,,3/9/2009,0,Q1-2009,41,1/27/2009
0063000000lA5ED,0013000000jGxao,Closed Lost,,,Production License,Web Site,12/31/2009,0,Q4-2009,130,8/23/2009
0063000000lA5ES,0013000000jGxap,Closed Lost,,,Production License,,6/30/2010,0,Q2-2010,336,7/29/2009
0063000000lA5Ds,0013000000jGxaq,Closed Lost,,,Quick Start License,Other,9/30/2010,0,Q3-2010,504,5/14/2009
0063000000lA5EG,0013000000jGxar,Closed Lost,,VA,Other,Trade Show,5/31/2011,0,Q2-2011,903,12/9/2008
0063000000lA5Ef,0013000000jGxau,Closed Lost,,,Production License,Self Generated,5/15/2009,0,Q2-2009,121,1/14/2009
0063000000lA5ER,0013000000jGxav,Closed Lost,,,Production License,Web Site,7/16/2009,0,Q3-2009,186,1/11/2009
0063000000lA5Ff,0013000000jGxaw,Closed Won,,MN,Production License,Web Site,2/1/2010,100,Q1-2010,0,2/4/2010
0063000000lA5EK,0013000000jGxaw,Closed Won,,MN,Other,Web Site,2/16/2009,100,Q1-2009,40,1/7/2009
0063000000lA5DV,0013000000jGxax,Closed Won,,,Partner Commission,Web Site,10/31/2009,100,Q4-2009,59,9/2/2009
0063000000lA5Ey,0013000000jGxay,Closed Lost,,,Production License,,7/28/2009,0,Q3-2009,9,7/19/2009
0063000000lA5ET,0013000000jGxaz,Closed Lost,,,Production License,Email,12/31/2009,0,Q4-2009,113,9/9/2009
0063000000lA5GH,0013000000jGxb0,Closed Won,,CA,Partner Commission,,9/30/2009,100,Q3-2009,0,10/10/2009
0063000000lA5Ew,0013000000jGxb0,Closed Won,,CA,Production License,Other,8/31/2009,100,Q3-2009,74,6/18/2009
0063000000lA5Eo,0013000000jGxb0,Closed Won,,CA,,,8/31/2009,100,Q3-2009,0,9/8/2009
0063000000lA5EJ,0013000000jGxb0,Closed Won,,CA,Partner Commission,,8/31/2009,100,Q3-2009,69,6/23/2009
0063000000lA5EH,0013000000jGxb0,Closed Lost,,CA,,,6/30/2009,0,Q2-2009,35,5/26/2009
0063000000lA5E9,0013000000jGxb0,Closed Lost,,CA,License,,7/29/2011,0,Q3-2011,766,6/23/2009
0063000000lA5GG,0013000000jGxb2,Closed Lost,,,Partner Commission,,6/30/2010,0,Q2-2010,263,10/10/2009
0063000000lA5EM,0013000000jGxb2,Closed Lost,,,Quick Start License,Web Site,9/30/2010,0,Q3-2010,469,6/18/2009
0063000000lA5EP,0013000000jGxb3,Closed Lost,,,Quick Start License,Web Site,6/30/2010,0,Q2-2010,293,9/10/2009
0063000000lA5EL,0013000000jGxb4,Closed Lost,United Kingdom,,Service,Web Site,3/31/2010,0,Q1-2010,255,7/19/2009
0063000000lA5E0,0013000000jGxb5,Closed Lost,,,Service,Self Generated,3/23/2009,0,Q1-2009,57,1/25/2009
0063000000lA5EQ,0013000000jGxb8,Closed Lost,,,Production License,,7/21/2009,0,Q3-2009,2,7/19/2009
0063000000lA5EY,0013000000jGxb9,Closed Lost,,,Production License,Web Site,4/30/2009,0,Q2-2009,77,2/12/2009
0063000000lA5Ec,0013000000jGxbA,Closed Lost,,,Production License,Web Site,7/10/2009,0,Q3-2009,95,4/6/2009
0063000000lA5EW,0013000000jGxbD,Closed Lost,,,Service,Web Site,4/6/2009,0,Q2-2009,63,2/2/2009
0063000000lA5EV,0013000000jGxbF,Closed Lost,,,Other,Self Generated,5/25/2009,0,Q2-2009,167,12/9/2008
0063000000lA5EZ,0013000000jGxbG,Closed Lost,,,Production License,Web Site,12/31/2009,0,Q4-2009,130,8/23/2009
0063000000lA5DM,0013000000jGxbI,Closed Lost,United Arab Emirates,Dubai,Service,Web Site,12/31/2009,0,Q4-2009,330,2/4/2009
0063000000lA5Eb,0013000000jGxbJ,Closed Lost,,,Production License,Web Site,12/31/2009,0,Q4-2009,196,6/18/2009
0063000000lA5DH,0013000000jGxbM,Closed Lost,,,Quick Start License,,12/31/2010,0,Q4-2010,530,7/19/2009
0063000000lA5Ed,0013000000jGxbP,Closed Lost,United Kingdom,,,Campaign,3/31/2010,0,Q1-2010,255,7/19/2009
0063000000lA5F3,0013000000jGxbQ,Closed Lost,,NY,,Web Site,12/31/2009,0,Q4-2009,196,6/18/2009
0063000000lA5EN,0013000000jGxbR,Closed Won,,,Other,Word of mouth,9/11/2009,100,Q3-2009,3,9/8/2009
0063000000lA5Ee,0013000000jGxbS,Closed Lost,United States,NJ,Service,Web Site,3/31/2011,0,Q1-2011,585,8/23/2009
0063000000lA5DW,0013000000jGxbS,Closed Lost,United States,NJ,,Web Site,12/31/2010,0,Q4-2010,474,9/13/2009
0063000000lA5Ek,0013000000jGxbT,Closed Lost,,,Production License,Partner,7/30/2009,0,Q3-2009,122,3/30/2009
0063000000lA5En,0013000000jGxbV,Closed Lost,,TN,Production License,Campaign,12/31/2009,0,Q4-2009,304,3/2/2009
0063000000lA5Ep,0013000000jGxbY,Closed Lost,,,Production License,Web Site,9/30/2009,0,Q3-2009,104,6/18/2009
0063000000lA5Ej,0013000000jGxbb,Closed Lost,,,,Email,5/31/2011,0,Q2-2011,673,7/27/2009
0063000000lA5Em,0013000000jGxbc,Closed Lost,,,Production License,Web Site,3/25/2009,0,Q1-2009,71,1/13/2009
0063000000lA5Eq,0013000000jGxbd,Closed Lost,,,Other,Web Site,12/31/2009,0,Q4-2009,253,4/22/2009
0063000000lA5Et,0013000000jGxbi,Closed Lost,,,Service,Web Site,2/28/2010,0,Q1-2010,173,9/8/2009
0063000000lA5Es,0013000000jGxbm,Closed Lost,,,Production License,Web Site,12/31/2009,0,Q4-2009,130,8/23/2009
0063000000lA5Dt,0013000000jGxbo,Closed Lost,,MA,Other,,3/24/2009,0,Q1-2009,50,2/2/2009
0063000000lA5Eu,0013000000jGxbs,Closed Lost,,,Production License,Web Site,6/23/2009,0,Q2-2009,196,12/9/2008
0063000000lA5Ez,0013000000jGxc0,Closed Lost,Cayman Islands,Grand Cayman,License,Editorial,4/16/2009,0,Q2-2009,101,1/5/2009
0063000000lA5F2,0013000000jGxc1,Closed Lost,,,Service,Web Site,12/31/2009,0,Q4-2009,130,8/23/2009
0063000000lA5Db,0013000000jGxc3,Closed Lost,,,Other,Web Site,5/20/2009,0,Q2-2009,83,2/26/2009
0063000000lA5F0,0013000000jGxc4,Closed Won,,,Other,Self Generated,2/27/2009,100,Q1-2009,40,1/18/2009
0063000000lA5F1,0013000000jGxc5,Closed Lost,United States,CA,,Campaign,3/31/2010,0,Q1-2010,286,6/18/2009
0063000000lA5DE,0013000000jGxc7,Closed Lost,,,Production License,Web Site,12/31/2009,0,Q4-2009,330,2/4/2009
0063000000lA5F4,0013000000jGxcB,Closed Lost,,,Other,Web Site,2/11/2009,0,Q1-2009,64,12/9/2008
0063000000lA5El,0013000000jGxcE,Closed Lost,,,Production License,Partner,3/31/2009,0,Q1-2009,54,2/5/2009
0063000000lA5DF,0013000000jGxcH,Closed Lost,,,Production License,Campaign,4/17/2009,0,Q2-2009,25,3/23/2009
00630000013DWwp,0013000000jI8QF,Procurement,United States,NJ,Service,Existing Account,3/30/2016,80,Q1-2016,36,1/5/2016
0063000000xjkx2,0013000000jI8QF,Closed Won,United States,NJ,License,Existing Account,3/2/2014,100,Q1-2014,59,1/2/2014
00630000011iYyp,0013000000jI8QF,Closed Won,United States,NJ,License,Existing Account,2/1/2015,100,Q1-2015,0,7/21/2015
00630000011iYz9,0013000000jI8QF,Closed Won,United States,NJ,Service,Existing Account,2/1/2015,100,Q1-2015,0,7/21/2015
00630000010gs2s,0013000000jI8QF,Closed Won,United States,NJ,License,Existing Account,2/9/2016,100,Q1-2016,119,10/13/2015
00630000011isrq,0013000000jI8QF,Closed Lost,United States,NJ,Service,Existing Account,10/23/2015,0,Q4-2015,81,8/3/2015
0063000000lA5FN,0013000000jI8QF,Closed Won,United States,NJ,License,External Referral,1/18/2013,100,Q1-2013,652,4/7/2011
0063000000n6MOQ,0013000000jI8QF,Closed Won,United States,NJ,License,External Referral,10/21/2011,100,Q4-2011,74,8/8/2011
0063000000mkcDq,0013000000jI8QH,Closed Won,United States,MN,Service,Existing Account,8/2/2011,100,Q3-2011,1,8/1/2011
0063000000rv41h,0013000000jI8QH,Closed Won,United States,MN,License,Existing Account,3/30/2012,100,Q1-2012,0,3/30/2012
0063000000u9bs6,0013000000jI8QH,Closed Won,United States,MN,License,Existing Account,9/9/2013,100,Q3-2013,434,7/2/2012
0063000000zhnoG,0013000000jI8QH,Closed Won,United States,MN,Service,Existing Account,10/14/2014,100,Q4-2014,0,10/14/2014
0063000000vnEit,0013000000jI8QH,Closed Won,United States,MN,Service,Existing Account,5/2/2013,100,Q2-2013,0,5/2/2013
0063000000vmIVa,0013000000jI8QH,Closed Won,United States,MN,Service,Existing Account,3/15/2013,100,Q1-2013,0,3/15/2013
0063000000vmBxt,0013000000jI8QH,Closed Won,United States,MN,Service,Existing Account,3/11/2013,100,Q1-2013,0,3/11/2013
0063000000xGXFl,0013000000jI8QH,Closed Won,United States,MN,License,Existing Account,8/28/2014,100,Q3-2014,321,10/11/2013
0063000000uvleP,0013000000jI8QH,Closed Won,United States,MN,Service,Existing Account,12/31/2012,100,Q4-2012,27,12/4/2012
0063000000zGcbq,0013000000jI8QH,Closed Won,United States,MN,License,Existing Account,8/26/2015,100,Q3-2015,363,8/28/2014
0063000000lA5Fj,0013000000jI8QH,Closed Won,United States,MN,Quick Start License,Google Natural Search,6/18/2010,100,Q2-2010,159,1/10/2010
0063000000lA5Fx,0013000000jI8QI,Closed Lost,,,,Partner,7/31/2010,0,Q3-2010,177,2/4/2010
0063000000lA5Fy,0013000000jI8zw,Closed Lost,,FL,Development License,Partner,6/30/2011,0,Q2-2011,297,9/6/2010
0063000000lA5G2,0013000000jI8zx,Closed Lost,Cayman Islands,Grand Cayman,Launch License,Partner,4/29/2011,0,Q2-2011,71,2/17/2011
0063000000lA5FJ,0013000000jI8zy,Closed Lost,United States,NY,Perpetual Server License,Web,2/29/2012,0,Q1-2012,484,11/2/2010
0063000000lA5FP,0013000000jI8zz,Closed Lost,,MA,Development License,Web Site,6/30/2011,0,Q2-2011,402,5/24/2010
0063000000lA5Fl,0013000000jI900,Closed Lost,United Kingdom,,Development License,Web Site,12/31/2010,0,Q4-2010,316,2/18/2010
0063000000lA5FV,0013000000jI901,Closed Lost,,,,,6/30/2010,0,Q2-2010,209,12/3/2009
0063000000lA5G7,0013000000jI902,Closed Lost,United States,FL,Service,In House List,6/22/2011,0,Q2-2011,323,8/3/2010
0063000000lA5G0,0013000000jI903,Closed Lost,United States,CT,License,,6/30/2011,0,Q2-2011,137,2/13/2011
0063000000lA5GZ,0013000000jI905,Closed Lost,,NY,Development License,Partner,5/31/2011,0,Q2-2011,195,11/17/2010
0063000000sbRBZ,0013000000jI906,Prove / POC,United States,AZ,License,Existing Account,2/27/2016,40,Q1-2016,1378,5/3/2012
0063000000lA5FQ,0013000000jI906,Closed Lost,United States,AZ,Service,,4/29/2011,0,Q2-2011,25,4/4/2011
0063000000lA5Gg,0013000000jI906,Closed Won,United States,AZ,Development License,Web Referral,8/31/2010,100,Q3-2010,64,6/28/2010
0063000000o2qRx,0013000000jI906,Closed Lost,United States,AZ,License,,1/31/2012,0,Q1-2012,118,10/5/2011
0063000000yVY2H,0013000000jI907,Closed Won,United States,MA,License,Existing Account,3/31/2015,100,Q1-2015,344,4/21/2014
0063000000ySt2s,0013000000jI907,Closed Won,United States,MA,Service,Existing Account,3/14/2014,100,Q1-2014,4,3/10/2014
0063000000uvRGW,0013000000jI907,Closed Won,United States,MA,License,Existing Account,3/15/2013,100,Q1-2013,115,11/20/2012
0063000000wjU3w,0013000000jI907,Closed Won,United States,MA,License,Existing Account,3/14/2014,100,Q1-2014,203,8/23/2013
00630000010ORYw,0013000000jI907,Closed Lost,United States,MA,License,Existing Account,3/31/2016,0,Q1-2016,353,4/13/2015
0063000000lA5GC,0013000000jI907,Closed Won,United States,MA,Quick Start License,Google Natural Search,12/18/2009,100,Q4-2009,42,11/6/2009
0063000000lA5Fd,0013000000jI907,Closed Won,United States,MA,Perpetual Server License,Existing Account,10/31/2010,100,Q4-2010,386,10/10/2009
0063000000lA5Fc,0013000000jI907,Closed Won,United States,MA,License,Existing Account,2/28/2012,100,Q1-2012,357,3/8/2011
0063000000lA5GS,0013000000jI907,Closed Won,United States,MA,Service,Google Natural Search,12/18/2009,100,Q4-2009,42,11/6/2009
0063000000lA5Fo,0013000000jI908,Closed Lost,United States,VA,License,,1/31/2011,0,Q1-2011,46,12/16/2010
0063000000u9bt9,0013000000jI90A,Closed Won,United States,CA,License,Existing Account,6/30/2013,100,Q2-2013,363,7/2/2012
0063000000mGonr,0013000000jI90A,Closed Won,United States,CA,Service,Existing Account,8/5/2011,100,Q3-2011,15,7/21/2011
0063000000wiKhe,0013000000jI90A,Closed Won,United States,CA,License,Existing Account,7/7/2014,100,Q3-2014,370,7/2/2013
00630000010OSDk,0013000000jI90A,Closed Lost,United States,CA,License,Existing Account,7/14/2015,0,Q3-2015,92,4/13/2015
0063000000lA5Fb,0013000000jI90A,Closed Won,United States,CA,License,Web Referral,7/31/2010,100,Q3-2010,40,6/21/2010
0063000000lA5FE,0013000000jI90A,Closed Won,United States,CA,Service,Existing Account,8/6/2010,100,Q3-2010,10,7/27/2010
0063000000rUjYF,0013000000jI90A,Closed Won,United States,CA,Service,Existing Account,6/29/2012,100,Q2-2012,113,3/8/2012
0063000000lA5Fh,0013000000jI90C,Closed Lost,United States,NH,License,,6/22/2011,0,Q2-2011,157,1/16/2011
0063000000lA5Fp,0013000000jI90F,Closed Lost,,FL,License,In House List,12/30/2011,0,Q4-2011,414,11/11/2010
0063000000lA5GR,0013000000jI90G,Closed Lost,,,Other,Self Generated,8/31/2009,0,Q3-2009,221,1/22/2009
0063000000lA5FU,0013000000jI90H,Closed Lost,Canada,,Launch License,Google Natural Search,6/30/2011,0,Q2-2011,151,1/30/2011
0063000000lA5GB,0013000000jI90K,Closed Lost,United States,PA,License,,5/20/2011,0,Q2-2011,380,5/5/2010
0063000000lA5FF,0013000000jI90K,Closed Won,United States,PA,Quick Start License,Web Site,3/31/2010,100,Q1-2010,12,3/19/2010
0063000000lA5Fr,0013000000jI90M,Closed Lost,United States,MN,License,Cold Call,2/28/2011,0,Q1-2011,111,11/9/2010
0063000000lA5Gb,0013000000jI90N,Closed Lost,,,Quick Start License,Web Site,6/30/2010,0,Q2-2010,171,1/10/2010
0063000000lA5Ge,0013000000jI90O,Closed Won,,,Production License,Web Site,3/31/2010,100,Q1-2010,41,2/18/2010
0063000000lA5Gf,0013000000jI90P,Closed Lost,,,Quick Start License,Web Site,6/30/2010,0,Q2-2010,146,2/4/2010
0063000000lA5F5,0013000000jI90Q,Closed Lost,,,Quick Start License,Web Site,9/30/2010,0,Q3-2010,328,11/6/2009
0063000000lA5F8,0013000000jI90R,Closed Lost,,,License,Campaign,3/31/2010,0,Q1-2010,172,10/10/2009
0063000000lA5FB,0013000000jI90S,Closed Lost,,,Production License,Campaign,12/31/2009,0,Q4-2009,82,10/10/2009
0063000000lA5FL,0013000000jI90T,Closed Lost,,,Perpetual Server License,Partner,7/31/2010,0,Q3-2010,134,3/19/2010
0063000000lA5FT,0013000000jI90U,Closed Lost,,,Production License,Web Site,4/30/2010,0,Q2-2010,175,11/6/2009
0063000000lA5Fi,0013000000jI90V,Closed Lost,,,Quick Start License,Partner,6/30/2010,0,Q2-2010,97,3/25/2010
0063000000lA5FS,0013000000jI90W,Closed Lost,,,Service,Web Site,5/31/2010,0,Q2-2010,141,1/10/2010
0063000000lA5FX,0013000000jI90X,Closed Lost,,,Production License,Web Site,12/31/2009,0,Q4-2009,82,10/10/2009
0063000000lA5Fa,0013000000jI90Y,Closed Lost,,,Quick Start License,Web Site,9/30/2010,0,Q3-2010,210,3/4/2010
0063000000lA5GP,0013000000jI90Z,Closed Lost,,,License,Web Site,3/31/2010,0,Q1-2010,80,1/10/2010
0063000000lA5G1,0013000000jI90a,Closed Lost,,,Production License,Web Site,6/30/2010,0,Q2-2010,132,2/18/2010
0063000000lA5G3,0013000000jI90b,Closed Lost,,,License,Web Site,12/31/2009,0,Q4-2009,82,10/10/2009
0063000000vmuGh,0013000000jI90g,Closed Lost,United States,CA,License,,7/16/2013,0,Q3-2013,91,4/16/2013
0063000000vmuGS,0013000000jI90g,Closed Won,United States,CA,License,Bing Natural Search,10/21/2013,100,Q4-2013,188,4/16/2013
0063000000vmuHG,0013000000jI90g,Closed Lost,United States,CA,License,Bing Natural Search,6/30/2016,0,Q2-2016,1171,4/16/2013
0063000000lA5Fv,0013000000jI90h,Closed Lost,,,Development License,Campaign,9/30/2010,0,Q3-2010,355,10/10/2009
0063000000lA5GD,0013000000jI90j,Closed Lost,United Kingdom,,Perpetual License,Google Natural Search,1/31/2012,0,Q1-2012,322,3/15/2011
0063000000lA5Ga,0013000000jI90k,Closed Lost,,NJ,License,Google Natural Search,10/28/2011,0,Q4-2011,356,11/6/2010
0063000000lA5G8,0013000000jI90l,Closed Lost,,PA,License,apprendasite,6/30/2011,0,Q2-2011,256,10/17/2010
0063000000lA5F6,0013000000jI90m,Closed Lost,,NC,Launch License,,4/29/2011,0,Q2-2011,33,3/27/2011
0063000000lA5FA,0013000000jI90n,Closed Lost,United States,NC,License,Google Natural Search,7/31/2011,0,Q3-2011,139,3/14/2011
0063000000xGXFb,0013000000jI90o,Closed Won,United States,OK,License,Existing Account,2/18/2014,100,Q1-2014,130,10/11/2013
0063000000uw0IH,0013000000jI90o,Closed Won,United States,OK,Service,Existing Account,12/20/2012,100,Q4-2012,6,12/14/2012
0063000000xgEvi,0013000000jI90o,Closed Won,United States,OK,Service,,12/16/2013,100,Q4-2013,12,12/4/2013
0063000000xlm7S,0013000000jI90o,Closed Lost,United States,OK,License,Existing Account,2/7/2015,0,Q1-2015,354,2/18/2014
0063000000lA5Fn,0013000000jI90o,Closed Won,United States,OK,License,Web,5/5/2011,100,Q2-2011,22,4/13/2011
0063000000lA5DD,0013000000jI90o,Closed Won,United States,OK,License,,2/8/2012,100,Q1-2012,282,5/2/2011
0063000000rUqSk,0013000000jI90o,Closed Won,United States,OK,License,Existing Account,2/8/2013,100,Q1-2013,336,3/9/2012
0063000000lA5GW,0013000000jI90r,Closed Lost,India,karnataka,License,Google Natural Search,7/29/2011,0,Q3-2011,338,8/25/2010
0063000000lA5Fu,0013000000jI90s,Closed Lost,United States,NC,License,Word of mouth,11/14/2011,0,Q4-2011,389,10/21/2010
0063000000lA5FO,0013000000jI90t,Closed Lost,Netherlands,,License,saasblogs,6/30/2011,0,Q2-2011,256,10/17/2010
0063000000lA5Fs,0013000000jI90u,Closed Lost,United States,WA,License,Web,12/16/2011,0,Q4-2011,292,2/27/2011
0063000000lA5Ft,0013000000jI90v,Closed Lost,Colombia,,Perpetual Server License,,3/31/2011,0,Q1-2011,63,1/27/2011
0063000000lA5Gc,0013000000jI90w,Closed Lost,,NY,License,In House List,8/31/2011,0,Q3-2011,299,11/5/2010
0063000000lA5G4,0013000000jI90y,Closed Lost,United Kingdom,,License,linkedinad,4/30/2012,0,Q2-2012,379,4/17/2011
0063000000lA5G6,0013000000jI90z,Closed Lost,Malta,,Perpetual License,Partner,10/31/2011,0,Q4-2011,197,4/17/2011
0063000000lA5FC,0013000000jI910,Closed Lost,,NY,License,Google Natural Search,2/28/2011,0,Q1-2011,105,11/15/2010
0063000000lA5GX,0013000000jI911,Closed Lost,,,Quick Start License,Web Site,6/30/2010,0,Q2-2010,171,1/10/2010
0063000000lA5GT,0013000000jI912,Closed Lost,India,Delhi,License,SaaSGrid Installer,3/31/2012,0,Q1-2012,566,9/12/2010
0063000000lA5FW,0013000000jI913,Closed Lost,United Kingdom,,,Web Site,9/30/2010,0,Q3-2010,238,2/4/2010
0063000000lA5FY,0013000000jI914,Closed Lost,Sweden,,,Web Site,9/30/2010,0,Q3-2010,263,1/10/2010
0063000000lA5Fe,0013000000jI915,Closed Lost,,,Quick Start License,Web Site,2/28/2010,0,Q1-2010,49,1/10/2010
0063000000lA5Fg,0013000000jI916,Closed Lost,United States,NY,License,Word of mouth,9/30/2010,0,Q3-2010,148,5/5/2010
0063000000lA5Fq,0013000000jI917,Closed Lost,,,Quick Start License,Web Site,6/30/2010,0,Q2-2010,103,3/19/2010
0063000000lA5GO,0013000000jI918,Closed Lost,,,Quick Start License,Web Site,4/30/2010,0,Q2-2010,57,3/4/2010
0063000000lA5FZ,0013000000jI91C,Closed Lost,,,Quick Start License,,6/30/2010,0,Q2-2010,118,3/4/2010
0063000000lA5Fw,0013000000jI91D,Closed Lost,United States,NJ,License,Small Event,12/25/2020,0,Q4-2020,3531,4/26/2011
0063000000lA5GY,0013000000jI91E,Closed Lost,,,Quick Start License,Partner,9/30/2010,0,Q3-2010,328,11/6/2009
0063000000lA5Gd,0013000000jI91G,Closed Lost,,,Quick Start License,Dev Portal,9/30/2010,0,Q3-2010,263,1/10/2010
00630000010P22t,0013000000jI91J,Closed Lost,United States,CA,License & Service,Google Adwords,8/20/2015,0,Q3-2015,106,5/6/2015
0063000000ll19N,0013000000jI91J,Closed Lost,United States,CA,License,,5/27/2011,0,Q2-2011,10,5/17/2011
0063000000lA5FD,0013000000jI91J,Closed Won,United States,CA,License,Google Natural Search,10/21/2011,100,Q4-2011,236,2/27/2011
0063000000ut80b,0013000000jI91J,Closed Won,United States,CA,License,Existing Account,12/18/2012,100,Q4-2012,109,8/31/2012
0063000000lA5G5,0013000000jI91K,Closed Lost,United States,IL,License,Web Site,12/31/2010,0,Q4-2010,221,5/24/2010
0063000000lA5FG,0013000000jI91S,Closed Lost,,,Production License,Web Site,6/30/2010,0,Q2-2010,132,2/18/2010
0063000000lA5FH,0013000000jI91T,Closed Lost,,,Quick Start License,Web Site,12/31/2010,0,Q4-2010,420,11/6/2009
0063000000lA5GV,0013000000jI91U,Closed Lost,,UT,License,Web Site,9/30/2010,0,Q3-2010,92,6/30/2010
0063000000lA5FM,0013000000jI91V,Closed Lost,India,,,Web Site,6/30/2010,0,Q2-2010,146,2/4/2010
0063000000lA5GU,0013000000jI91Y,Closed Lost,United Kingdom,,,Web Site,12/31/2011,0,Q4-2011,605,5/5/2010
0063000000mGqtg,0013000000jI91b,Closed Lost,United States,CA,License,linkedinad,12/25/2020,0,Q4-2020,3445,7/21/2011
0063000000lA5F9,0013000000jI91b,Closed Won,United States,CA,License,,8/16/2011,100,Q3-2011,449,5/24/2010
0063000000lA5FK,0013000000jI91c,Closed Lost,,,Launch License,,3/31/2011,0,Q1-2011,420,2/4/2010
0063000000lA5E4,0013000000jI91f,Closed Won,,,Other,,9/7/2009,100,Q3-2009,0,9/8/2009
0063000000lA5GQ,0013000000jI91h,Closed Lost,,,,,9/30/2010,0,Q3-2010,148,5/5/2010
0063000000lA5Fk,0013000000jI91k,Closed Lost,,,Quick Start License,,6/30/2010,0,Q2-2010,146,2/4/2010
0063000000lA5Fm,0013000000jI91m,Closed Lost,Romania,,License,Web Site,9/30/2010,0,Q3-2010,263,1/10/2010
0063000000lA5FI,0013000000jI91q,Closed Lost,United States,OH,,Web Site,6/30/2010,0,Q2-2010,125,2/25/2010
0063000000lA5Fz,0013000000jI91s,Closed Lost,,,Quick Start License,Web Site,6/30/2010,0,Q2-2010,146,2/4/2010
0063000000lA5G9,0013000000jI91t,Closed Lost,,,Quick Start License,Web Site,6/30/2010,0,Q2-2010,118,3/4/2010
0063000000lA5Gh,0013000000jI91x,Closed Lost,United States,CA,License,Web Site,7/31/2010,0,Q3-2010,163,2/18/2010
0063000000lA5GA,0013000000jI91z,Closed Lost,,,,Email,9/30/2010,0,Q3-2010,210,3/4/2010
00630000010MmgL,0013000000jI9Jp,Closed Lost,United States,CA,Service,Web,4/13/2015,0,Q2-2015,63,2/9/2015
0063000000lA5FR,0013000000jI9Jp,Closed Lost,United States,CA,License,,12/31/2009,0,Q4-2009,55,11/6/2009
0063000000lA5Gi,0013000000jI9Jp,Closed Lost,United States,CA,License,Web Site,6/30/2011,0,Q2-2011,813,4/8/2009
0063000000lA5F7,0013000000jI9Jr,Closed Lost,India,Mumbai,License,,10/28/2011,0,Q4-2011,200,4/11/2011
0063000000llNxX,0013000000jmMEe,Closed Lost,United States,NC,License,,6/30/2011,0,Q2-2011,42,5/19/2011
0063000000lA5DC,0013000000jmMEe,Closed Lost,United States,NC,License,linkedinad,8/30/2011,0,Q3-2011,154,3/29/2011
0063000000lA5DB,0013000000jmMEe,Closed Lost,United States,NC,,,11/30/2010,0,Q4-2010,209,5/5/2010
0063000000lA5D8,0013000000k0DX4,Closed Lost,United Kingdom,,License,Google Natural Search,12/31/2011,0,Q4-2011,240,5/5/2011
0063000000lkh8i,0013000000k8Yo3,Closed Lost,Canada,AB,License,Partner,12/16/2011,0,Q4-2011,217,5/13/2011
0063000000lkt3w,0013000000kXxhG,Closed Lost,New Zealand,Auckland,License,,12/16/2011,0,Q4-2011,214,5/16/2011
0063000000lm38W,0013000000kZ1WO,Closed Won,United States,OH,License,Other,1/27/2012,100,Q1-2012,245,5/27/2011
0063000000vlLpk,0013000000kZ1WO,Closed Lost,United States,OH,Service,,3/19/2013,0,Q1-2013,50,1/28/2013
0063000000q2SZk,0013000000kZ1WO,Closed Won,United States,OH,License,Web Referral,3/30/2012,100,Q1-2012,63,1/27/2012
0063000000uuO27,0013000000kZ1WO,Closed Lost,United States,OH,License,Existing Account,12/9/2013,0,Q4-2013,421,10/14/2012
0063000000lnY14,0013000000nayPP,Closed Lost,United States,CA,License,External Referral,12/30/2011,0,Q4-2011,199,6/14/2011
0063000000mEJSs,0013000000ncV9w,Closed Lost,Japan,,License,linkedinad,12/29/2011,0,Q4-2011,189,6/24/2011
0063000000mEXQw,0013000000ncvnV,Closed Lost,India,California,Perpetual License,apprendasite,12/2/2011,0,Q4-2011,158,6/27/2011
0063000000mGLcL,0013000000ncvnV,Closed Lost,India,California,License,,10/28/2011,0,Q4-2011,102,7/18/2011
0063000000mEhLb,0013000000nd4Yb,Closed Lost,United States,TX,License,Web Site,10/28/2011,0,Q4-2011,122,6/28/2011
0063000000mFFU7,0013000000nduXj,Closed Lost,,,Perpetual License,Partner,9/12/2011,0,Q3-2011,69,7/5/2011
0063000000mGP30,0013000000pANIL,Closed Lost,United States,MD,,apprendasite,10/28/2011,0,Q4-2011,102,7/18/2011
0063000000mGUFC,0013000000pAfGW,Closed Won,Denmark,,License,Web Referral,8/17/2011,100,Q3-2011,29,7/19/2011
0063000000n7iAZ,0013000000q9iWs,Closed Lost,Brazil,,License,Google Natural Search,2/24/2012,0,Q1-2012,190,8/18/2011
0063000000yVdec,0013000000qileD,Closed Lost,United States,NJ,Service,Google Natural Search,12/25/2020,0,Q4-2020,2438,4/23/2014
0063000000yU6pC,0013000000qileD,Closed Lost,United States,NJ,Service,Google Natural Search,12/25/2020,0,Q4-2020,2461,3/31/2014
0063000000n8cmU,0013000000qileD,Closed Lost,United States,NJ,License,redmonddev,10/31/2011,0,Q4-2011,67,8/25/2011
0063000000nVHeG,0013000000rGXHn,Closed Lost,Saint Martin,,License,Bing Natural Search,11/30/2011,0,Q4-2011,82,9/9/2011
0063000000nX8kf,0013000000rI0rA,Closed Won,United States,MA,License,Partner,12/5/2011,100,Q4-2011,76,9/20/2011
0063000000sarrB,0013000000sDRFe,Closed Won,United Kingdom,NJ,License,Google Natural Search,10/11/2012,100,Q4-2012,164,4/30/2012
0063000000o46rr,0013000000sDRGN,Closed Lost,United States,CO,License,Google Natural Search,12/25/2020,0,Q4-2020,3361,10/13/2011
0063000000pQKDX,0013000000sDRIO,Closed Lost,United States,CA,License,,9/28/2012,0,Q3-2012,282,12/21/2011
0063000000o6RiP,0013000000sDRIO,Closed Won,United States,CA,License,,1/13/2012,100,Q1-2012,74,10/31/2011
0063000000o3sXb,0013000000sE8U0,Closed Lost,,,License,Web,2/29/2012,0,Q1-2012,140,10/12/2011
0063000000o3seI,0013000000sE8U0,Closed Lost,,,Perpetual License,In House List,3/30/2012,0,Q1-2012,170,10/12/2011
0063000000pQpSq,0013000000sE9pr,Closed Won,United States,NY,License,Existing Account,3/30/2012,100,Q1-2012,93,12/28/2011
0063000000rv4dH,0013000000sE9pr,Closed Won,United States,NY,License,Existing Account,12/31/2012,100,Q4-2012,276,3/30/2012
0063000000o3uBL,0013000000sE9pr,Closed Won,United States,NY,License,Partner,12/28/2011,100,Q4-2011,77,10/12/2011
0063000000o6Omu,0013000000u4EWa,Closed Lost,United States,TX,License,,9/28/2012,0,Q3-2012,333,10/31/2011
0063000000pRUbr,0013000000u5B06,Closed Lost,United States,TX,License,Trade Show,9/21/2012,0,Q3-2012,260,1/5/2012
0063000000oaPYK,0013000000u5B06,Closed Won,United States,TX,License,Trade Show,12/29/2011,100,Q4-2011,55,11/4/2011
0063000000zFu4X,0013000000xVtu6,Closed Lost,,MN,License,Small Event,8/30/2016,0,Q3-2016,757,8/4/2014
0063000000qtsNq,0013000000xVxJf,Qualify,Switzerland,NY,License,Trade Show,12/31/2016,20,Q4-2016,1454,2/17/2012
0063000000q0wBB,0013000000ynnnx,Closed Lost,United States,FL,License,Web,8/13/2012,0,Q3-2012,209,1/17/2012
0063000000q2mHI,001300000103wRs,Closed Lost,United States,NV,License,,9/28/2012,0,Q3-2012,242,1/30/2012
0063000000q1i0G,001300000103wbf,Closed Won,United States,WA,License,Bing Natural Search,11/21/2012,100,Q4-2012,303,1/23/2012
00630000013Dn2Q,001300000103wbf,Qualify,United States,WA,Service,Existing Account,3/24/2016,30,Q1-2016,23,1/18/2016
0063000000uvvkn,001300000103wbf,Closed Won,United States,WA,License,Existing Account,12/17/2012,100,Q4-2012,6,12/11/2012
0063000000uvT10,001300000103wbf,Closed Won,United States,WA,License,Existing Account,12/11/2013,100,Q4-2013,385,11/21/2012
00630000010PHcK,001300000103wbf,Closed Won,United States,WA,License & Service,Existing Account,7/31/2015,100,Q3-2015,74,5/18/2015
00630000010Mmuw,001300000103wbf,Prove / POC,United States,WA,License,Existing Account,6/30/2016,40,Q2-2016,366,2/9/2015
0063000000yUJoM,001300000103wbf,Closed Won,United States,WA,License,Existing Account,12/16/2014,100,Q4-2014,256,4/4/2014
0063000000q1y7A,001300000104Qyc,Closed Lost,United States,TX,License,,8/20/2012,0,Q3-2012,208,1/25/2012
0063000000quJeS,001300000104Qyc,Closed Lost,United States,TX,License,,9/21/2012,0,Q3-2012,213,2/21/2012
0063000000q2ltF,001300000106E9z,Closed Lost,United States,NJ,License,discoverorg,12/31/2015,0,Q4-2015,1431,1/30/2012
00630000010Ol0y,001300000106E9z,Closed Lost,United States,NJ,License,Google Ad,6/30/2015,0,Q2-2015,67,4/24/2015
0063000000zjArA,001300000106RYx,Closed Won,United States,CA,Service,Existing Account,2/20/2015,100,Q1-2015,81,12/1/2014
00630000013DUxq,001300000106RYx,Closed Won,United States,CA,License,Existing Account,1/12/2016,100,Q1-2016,8,1/4/2016
0063000000yVsTf,001300000106RYx,Closed Won,United States,CA,Service,Existing Account,6/8/2015,100,Q2-2015,402,5/2/2014
00630000013Dmts,001300000106RYx,Prove / POC,United States,CA,License,Existing Account,12/18/2016,60,Q4-2016,23,1/18/2016
0063000000vlYhL,001300000106RYx,Closed Won,United States,CA,License,Employee Referral,4/22/2013,100,Q2-2013,75,2/6/2013
0063000000vlYha,001300000106RYx,Closed Won,United States,CA,License,Employee Referral,11/29/2013,100,Q4-2013,296,2/6/2013
0063000000wiYfx,001300000106RYx,Prove / POC,United States,CA,License,Existing Account,12/18/2015,40,Q4-2015,939,7/16/2013
0063000000xkmwM,001300000106RYx,Closed Won,United States,CA,Service,Existing Account,3/21/2014,100,Q1-2014,53,1/27/2014
0063000000qtKUv,001300000106RYx,Closed Lost,United States,CA,Service,,9/28/2012,0,Q3-2012,227,2/14/2012
0063000000uvaee,001300000117Kl9,Closed Won,United States,RI,License,discoverorg,7/1/2013,100,Q3-2013,215,11/28/2012
0063000000qtKNs,001300000117Kl9,Closed Lost,United States,RI,License,discoverorg,12/25/2020,0,Q4-2020,3237,2/14/2012
0063000000quImQ,00130000011kXvM,Closed Lost,United States,TN,License,discoverorg,12/25/2012,0,Q4-2012,308,2/21/2012
0063000000quIvi,00130000011kY4g,Closed Lost,United States,TN,License,Web,9/24/2013,0,Q3-2013,581,2/21/2012
0063000000utcGM,00130000011kY4g,Closed Lost,United States,TN,License,Web,12/11/2013,0,Q4-2013,450,9/17/2012
0063000000zDc6p,001300000136YZw,Closed Lost,United States,NY,License,Partner,12/31/2015,0,Q4-2015,554,6/25/2014
0063000000vm1zT,001300000136YZw,Closed Lost,United States,NY,License,Rainking,12/25/2020,0,Q4-2020,2855,3/2/2013
0063000000rWRR8,001300000136YZw,Closed Won,United States,NY,License,Rainking,10/18/2013,100,Q4-2013,585,3/12/2012
0063000000rX9ra,001300000137yEZ,Closed Lost,United States,TX,License,In House List,12/25/2020,0,Q4-2020,3207,3/15/2012
0063000000rY7Bi,0013000001399kZ,Closed Lost,United States,DC,License,,12/28/2012,0,Q4-2012,282,3/21/2012
0063000000rvQOd,001300000148KXD,Closed Lost,,CA,License,,12/14/2012,0,Q4-2012,255,4/3/2012
0063000000u9bqj,001300000149seg,Closed Lost,United States,MA,License,Google Natural Search,5/10/2013,0,Q2-2013,312,7/2/2012
0063000000rwfsc,001300000149seg,Closed Won,United States,MA,License,Google Natural Search,5/11/2012,100,Q2-2012,29,4/12/2012
0063000000sayny,00130000015ZTas,Closed Lost,United States,CA,License,Google Natural Search,12/25/2020,0,Q4-2020,3160,5/1/2012
0063000000sbPK2,00130000015ZudI,Closed Lost,United States,MN,Service,,9/30/2012,0,Q3-2012,150,5/3/2012
0063000000sbXjJ,00130000015a4f4,Closed Lost,,,License,In House List,12/25/2020,0,Q4-2020,3157,5/4/2012
00630000013ETqt,00130000015a4f4,Interest,,,,,3/31/2016,5,Q1-2016,1,2/9/2016
0063000000sbteh,00130000016LaXu,Closed Lost,United States,IL,License,SaaSGrid Installer,6/22/2012,0,Q2-2012,45,5/8/2012
0063000000sbtgE,00130000016LaZQ,Closed Won,United States,NY,License,linkedinad,9/10/2012,100,Q3-2012,125,5/8/2012
0063000000zDcD2,00130000016LaZQ,Closed Lost,United States,NY,License,Existing Account,7/31/2015,0,Q3-2015,401,6/25/2014
0063000000xGEP2,00130000016LaZQ,Closed Won,United States,NY,License,Existing Account,6/25/2014,100,Q2-2014,274,9/24/2013
0063000000utFUn,00130000016LaZQ,Closed Won,United States,NY,License,linkedinad,7/31/2013,100,Q3-2013,329,9/5/2012
0063000000sbti5,00130000016Labw,Closed Lost,South Africa,Cape Town,License,Web Site,11/16/2012,0,Q4-2012,192,5/8/2012
0063000000tJ73E,00130000016MGRb,Closed Won,Norway,,License,SaaSGrid Installer,11/15/2012,100,Q4-2012,147,6/21/2012
0063000000sd5Sw,00130000016O17F,Closed Lost,United States,CA,License,Employee Referral,6/15/2016,0,Q2-2016,1491,5/16/2012
0063000000utd8m,00130000016O17F,Closed Lost,United States,CA,License,Employee Referral,12/25/2020,0,Q4-2020,3020,9/18/2012
0063000000sdLBE,00130000016OMDU,Closed Lost,United States,AZ,License,Employee Referral,12/25/2020,0,Q4-2020,3144,5/17/2012
0063000000tGBSf,00130000016xLTW,Closed Lost,Australia,NSW,License,,12/25/2020,0,Q4-2020,3136,5/25/2012
0063000000zEEIC,00130000016xLTW,Closed Lost,Australia,NSW,License,Public Relations,12/25/2020,0,Q4-2020,2354,7/16/2014
0063000000utVqe,00130000016xLTW,Closed Lost,Australia,NSW,License,,12/25/2020,0,Q4-2020,3024,9/14/2012
00630000012F2Kj,00130000017yITs,Closed Won,United States,TX,License,Existing Account,12/14/2015,100,Q4-2015,74,10/1/2015
0063000000tITaO,00130000017yITs,Closed Lost,United States,TX,License,Existing Account,12/25/2020,0,Q4-2020,3115,6/15/2012
0063000000uBXAO,00130000019DPIc,Closed Lost,United States,CA,License,Trade Show,12/25/2020,0,Q4-2020,3082,7/18/2012
0063000000yVTbf,00130000019s4sG,Closed Lost,United States,MD,License,Web,12/25/2020,0,Q4-2020,2444,4/17/2014
00630000013DCxI,00130000019s4sG,Interest,United States,MD,License & Service,Partner,6/30/2016,5,Q2-2016,62,12/10/2015
0063000000uvvpy,00130000019s4sG,Closed Lost,United States,MD,License,Google Natural Search,12/25/2020,0,Q4-2020,2936,12/11/2012
0063000000usuaM,00130000019sQIJ,Closed Lost,United States,,License,,12/25/2020,0,Q4-2020,3046,8/23/2012
0063000000utd8h,00130000019sQIJ,Closed Lost,United States,,License,,12/25/2020,0,Q4-2020,3020,9/18/2012
0063000000vm5eN,00130000019skR5,Closed Lost,United States,CT,License,,10/30/2013,0,Q4-2013,239,3/5/2013
0063000000ut32T,00130000019skR5,Closed Lost,United States,CT,License,,12/31/2020,0,Q4-2020,3047,8/28/2012
0063000000utOlK,0013000001APXEa,Closed Lost,United States,FL,License,CIO.com,12/25/2020,0,Q4-2020,3027,9/11/2012
0063000000utlBx,0013000001AQvlI,Closed Lost,United States,,Service,,12/25/2013,0,Q4-2013,457,9/24/2012
00630000013EBjI,0013000001ARbr1,Interest,United States,CT,License & Service,Google Ads,6/30/2016,5,Q2-2016,2,2/8/2016
0063000000uu8YX,0013000001ARbr1,Closed Lost,United States,CT,License,Rainking,12/25/2020,0,Q4-2020,3004,10/4/2012
0063000000zDA1p,0013000001AtGez,Prove / POC,Belgium,,License,Google Natural Search,9/30/2016,60,Q3-2016,605,6/16/2014
0063000000uvEaK,0013000001AtaOS,Closed Lost,United States,OH,License,,3/29/2013,0,Q1-2013,137,11/12/2012
0063000000uvLsA,0013000001Ato6u,Closed Lost,United States,NY,Service,,3/29/2013,0,Q1-2013,133,11/16/2012
0063000000uvY8j,0013000001AuMXF,Closed Lost,United States,IL,License,Trade Show,12/25/2020,0,Q4-2020,2950,11/27/2012
0063000000uvjeF,0013000001Auiu4,Closed Lost,United States,ID,Service,Google Natural Search,12/25/2013,0,Q4-2013,387,12/3/2012
0063000000uvqWX,0013000001AutFV,Closed Lost,United States,PA,License,,12/25/2020,0,Q4-2020,2940,12/7/2012
0063000000xlG2Q,0013000001AvSbk,Qualify,Canada,ON,License,Rainking,5/23/2016,20,Q2-2016,730,2/10/2014
0063000000uwWlZ,0013000001AvnxR,Closed Lost,United States,MO,License,Tradeshow,12/25/2015,0,Q4-2015,1079,1/10/2013
0063000000uwZQQ,0013000001Avs4y,Closed Lost,United States,NV,License,Google Natural Search,12/25/2013,0,Q4-2013,348,1/11/2013
0063000000zEJbN,0013000001Aw1w5,Closed Lost,,CT,Service,Partner,9/30/2014,0,Q3-2014,74,7/18/2014
0063000000yVTaN,0013000001Aw1w5,Closed Lost,,CT,License & Service,Partner,12/18/2015,0,Q4-2015,610,4/17/2014
00630000013ChdM,0013000001BotUC,Interest,Canada,BC,CloudRise,Web,11/30/2016,5,Q4-2016,91,11/11/2015
0063000000vlLpG,0013000001BotUC,Closed Lost,Canada,BC,License,Google Natural Search,4/4/2014,0,Q2-2014,431,1/28/2013
0063000000vlLgd,0013000001BotUC,Closed Won,Canada,BC,License,Google Natural Search,6/15/2013,100,Q2-2013,138,1/28/2013
0063000000vmD5j,0013000001Bp9nU,Closed Lost,United States,CT,License,,12/31/2020,0,Q4-2020,2852,3/11/2013
0063000000vm5fB,0013000001Bp9nU,Closed Lost,United States,CT,License,,12/31/2020,0,Q4-2020,2858,3/5/2013
00630000011jDTN,0013000001BpaEv,Interest,United States,OH,CloudRise,Rep Relationship,12/31/2016,5,Q4-2016,170,8/24/2015
0063000000vlgzg,0013000001BpeON,Closed Lost,United States,TX,License,Google Natural Search,12/25/2020,0,Q4-2020,2872,2/13/2013
0063000000vm9XY,0013000001Bpp06,Closed Won,United States,OH,License,Google Natural Search,9/2/2013,100,Q3-2013,178,3/8/2013
0063000000vmD2V,0013000001Bpp06,Closed Won,United States,OH,License & Service,Google Natural Search,11/14/2014,100,Q4-2014,613,3/11/2013
00630000011jOgr,0013000001Bpp06,Closed Won,United States,OH,License & Service,Existing Account,11/13/2015,100,Q4-2015,66,9/8/2015
00630000010PHdI,0013000001Bpp06,Closed Lost,United States,OH,Service,Existing Account,10/30/2015,0,Q4-2015,165,5/18/2015
0063000000yUXr3,0013000001Bq56i,Qualify,United States,WA,License,Google Natural Search,5/30/2016,10,Q2-2016,674,4/7/2014
0063000000vmiZG,0013000001BqJIz,Closed Lost,United States,GA,License,Trade Show,12/25/2020,0,Q4-2020,2821,4/5/2013
0063000000vmuA5,0013000001BqLqD,Closed Lost,United States,TX,License,Google Natural Search,12/25/2020,0,Q4-2020,2810,4/16/2013
0063000000vmu3o,0013000001BqLqD,Closed Lost,United States,TX,License,Google Natural Search,2/18/2014,0,Q1-2014,308,4/16/2013
0063000000vmADo,0013000001BqLqD,Closed Lost,United States,TX,License,Google Natural Search,1/30/2014,0,Q1-2014,328,3/8/2013
0063000000vmYOj,0013000001BqRlM,Closed Lost,United States,MA,License,Web Referral,12/25/2020,0,Q4-2020,2829,3/28/2013
0063000000vmYOZ,0013000001BqRlM,Closed Won,United States,MA,License,Web Referral,10/18/2013,100,Q4-2013,204,3/28/2013
0063000000vmjeS,0013000001Bqh4o,Closed Won,Switzerland,NJ,License,discoverorg,9/25/2013,100,Q3-2013,172,4/6/2013
0063000000vmjec,0013000001Bqh4o,Prove / POC,Switzerland,NJ,License,discoverorg,12/31/2017,1,Q4-2017,1040,4/6/2013
0063000000wiAzl,0013000001Bqh4o,Closed Won,Switzerland,NJ,License,discoverorg,7/31/2013,100,Q3-2013,37,6/24/2013
0063000000vmc9r,0013000001Br5vH,Closed Won,United States,GA,License,Web,10/18/2013,100,Q4-2013,200,4/1/2013
0063000000vmcAz,0013000001Br5vH,Closed Lost,United States,GA,License,Web,12/25/2020,0,Q4-2020,2825,4/1/2013
0063000000vmzLe,0013000001BsDxG,Closed Lost,United States,NY,Service,Rainking,12/31/2020,0,Q4-2020,2813,4/19/2013
0063000000vmzLK,0013000001BsDxG,Closed Lost,United States,NY,License,Rainking,11/29/2020,0,Q4-2020,2781,4/19/2013
0063000000vn5IN,0013000001BsMGI,Closed Won,United States,MN,License,Rainking,10/18/2013,100,Q4-2013,177,4/24/2013
0063000000vn5Ir,0013000001BsMGI,Closed Lost,United States,MN,License,Rainking,12/25/2020,0,Q4-2020,2802,4/24/2013
0063000000yWC7l,0013000001BsaIt,Closed Lost,United States,VA,License & Service,Partner,7/31/2014,0,Q3-2014,79,5/13/2014
0063000000zD9Kz,0013000001BsaIu,Closed Lost,,,License,Partner,12/31/2015,0,Q4-2015,566,6/13/2014
00630000013Dp73,0013000001BsaJ1,Prove / POC,United States,DE,License & Service,Google Natural Search,7/21/2016,40,Q3-2016,22,1/19/2016
0063000000xG8aM,0013000001BsaJ1,Closed Lost,United States,DE,License,linkedinad,12/25/2020,0,Q4-2020,2654,9/19/2013
00630000013DKvS,0013000001BsaJH,Qualify,US,VA,License & Service,Web,5/27/2016,20,Q2-2016,55,12/17/2015
0063000000vnLoq,0013000001BsivX,Closed Lost,United States,NY,License,Employee Referral,12/25/2020,0,Q4-2020,2788,5/8/2013
0063000000vnLpU,0013000001Bsivw,Closed Lost,China,,License,Google Natural Search,12/25/2020,0,Q4-2020,2788,5/8/2013
0063000000vnntw,0013000001CyV0d,Closed Won,United States,VA,Service,Google Natural Search,6/27/2013,100,Q2-2013,27,5/31/2013
0063000000wiG92,0013000001CyV0d,Closed Lost,United States,VA,License,Existing Account,6/26/2014,0,Q2-2014,363,6/28/2013
0063000000vophU,0013000001CyeSe,Closed Lost,United States,NY,License,,7/29/2014,0,Q3-2014,419,6/5/2013
0063000000vophZ,0013000001Cyebr,Closed Won,United States,NC,License,Google Natural Search,8/15/2013,100,Q3-2013,71,6/5/2013
0063000000vophj,0013000001Cyebr,Closed Lost,United States,NC,License,Google Natural Search,12/25/2020,0,Q4-2020,2760,6/5/2013
0063000000vouxd,0013000001CypmT,Closed Lost,United States,IL,License,redmonddev,12/25/2020,0,Q4-2020,2755,6/10/2013
0063000000wi2vN,0013000001Dq9ws,Closed Lost,United States,NY,License,Google Natural Search,8/29/2015,0,Q3-2015,803,6/17/2013
0063000000yT0xr,0013000001DqQO6,Closed Lost,United States,NY,License,discoverorg,12/30/2016,0,Q4-2016,1024,3/12/2014
0063000000wiKZL,0013000001DqWWt,Closed Won,United States,NY,License,Google Natural Search,9/23/2013,100,Q3-2013,83,7/2/2013
0063000000wj99m,0013000001E1Uht,Closed Lost,United States,NJ,License,Web,12/25/2020,0,Q4-2020,2697,8/7/2013
0063000000wigs2,0013000001E1gTo,Closed Lost,United States,NY,Service,Employee Referral,12/31/2013,0,Q4-2013,162,7/22/2013
0063000000wiuns,0013000001E2tcG,Closed Lost,United States,NY,License,Employee Referral,12/25/2020,0,Q4-2020,2702,8/2/2013
0063000000witui,0013000001E31W5,Closed Lost,Hong Kong,,License,Web Referral,12/25/2020,0,Q4-2020,2703,8/1/2013
0063000000wjEVQ,0013000001EOIUP,Closed Lost,United States,SC,License,buffer,10/31/2013,0,Q4-2013,80,8/12/2013
0063000000wjEVa,0013000001EOIUP,Closed Lost,United States,SC,License,,12/25/2020,0,Q4-2020,2692,8/12/2013
0063000000wjU5r,0013000001EOoL0,Closed Won,United States,NY,License,Trade Show,10/18/2013,100,Q4-2013,56,8/23/2013
0063000000wjU66,0013000001EOoL0,Closed Lost,United States,NY,License,Trade Show,9/26/2014,0,Q3-2014,399,8/23/2013
0063000000xGCBs,0013000001EPgcN,Closed Lost,United States,VA,License,Google Natural Search,12/25/2020,0,Q4-2020,2650,9/23/2013
0063000000wjWbh,0013000001EPgcN,Closed Won,United States,VA,License,Google Natural Search,10/18/2013,100,Q4-2013,53,8/26/2013
0063000000wjWc6,0013000001EPgcN,Closed Lost,United States,VA,License,Google Natural Search,12/25/2020,0,Q4-2020,2678,8/26/2013
0063000000wjnH4,0013000001EQD1P,Closed Lost,United Kingdom,,License,Google Natural Search,12/25/2020,0,Q4-2020,2664,9/9/2013
0063000000wjrV7,0013000001EQJr8,Closed Lost,South Africa,,License,Google Adwords,12/25/2020,0,Q4-2020,2661,9/12/2013
0063000000wjsLh,0013000001EQKq3,Closed Lost,United States,NY,License,Web Referral,12/25/2020,0,Q4-2020,2661,9/12/2013
00630000010P79d,0013000001EQKq3,Qualify,United States,NY,CloudRise,Partner,5/20/2016,20,Q2-2016,275,5/11/2015
0063000000xG0Sb,0013000001EQVHr,Closed Lost,Canada,ON,Service,Trade Show,12/25/2020,0,Q4-2020,2657,9/16/2013
0063000000xGTjm,0013000001EQWjA,Closed Won,United States,NY,License,CIO.com,10/18/2013,100,Q4-2013,10,10/8/2013
0063000000xGTiG,0013000001EQWjA,Closed Lost,United States,NY,License & Service,CIO.com,12/25/2020,0,Q4-2020,2635,10/8/2013
0063000000xGCun,0013000001EQhaU,Qualify,United States,TX,License,discoverorg,3/30/2017,20,Q1-2017,870,9/23/2013
0063000000xGG8m,0013000001EQolL,Closed Lost,United States,MA,Service,CIO.com,12/25/2020,0,Q4-2020,2647,9/26/2013
0063000000xGTjc,0013000001ESNMf,Closed Lost,United States,IN,License,discoverorg,12/25/2020,0,Q4-2020,2635,10/8/2013
0063000000xGcrK,0013000001Ern6y,Closed Lost,,,License,Trade Show,12/25/2020,0,Q4-2020,2627,10/16/2013
0063000000xGjVA,0013000001Erxry,Closed Lost,United Kingdom,,License,buffer,12/25/2020,0,Q4-2020,2622,10/21/2013
0063000000xGsKZ,0013000001EsanQ,Closed Lost,Spain,NY,Service,Web,12/25/2020,0,Q4-2020,2615,10/28/2013
0063000000yVWnI,0013000001EtQEP,Closed Lost,New Zealand,Non-U.S.,License & Service,,12/25/2020,0,Q4-2020,2440,4/21/2014
0063000000xHjZO,0013000001EtQEP,Closed Lost,New Zealand,Non-U.S.,License & Service,,12/25/2020,0,Q4-2020,2598,11/14/2013
0063000000xHs8m,0013000001Etzu9,Closed Lost,United States,CA,Service,Google Natural Search,3/31/2014,0,Q1-2014,130,11/21/2013
0063000000xI1O1,0013000001FZDJI,Closed Lost,United States,FL,Service,Bing Natural Search,12/25/2020,0,Q4-2020,2580,12/2/2013
00630000013DT0a,0013000001FZGAz,Qualify,United States,VA,License & Service,Google Natural Search,6/26/2016,20,Q2-2016,42,12/30/2015
0063000000xjuQr,0013000001FaleI,Closed Lost,US,AZ,License,Partner,5/28/2015,0,Q2-2015,506,1/7/2014
0063000000xl9Av,0013000001FbAK6,Closed Lost,United States,VA,License & Service,Google Natural Search,12/25/2020,0,Q4-2020,2514,2/6/2014
0063000000xkcDO,0013000001FbeSh,Closed Lost,United States,TX,License,Google Natural Search,12/25/2020,0,Q4-2020,2529,1/22/2014
0063000000xkjLV,0013000001GDr8c,Closed Lost,US,CA,License,Outbound,10/30/2015,0,Q4-2015,644,1/24/2014
0063000000xl6a4,0013000001GGCQ0,Closed Lost,United States,NY,Service,Web,12/31/2014,0,Q4-2014,329,2/5/2014
0063000000xlm3V,0013000001GHkE6,Closed Won,United States,NY,License,Other,6/23/2014,100,Q2-2014,125,2/18/2014
00630000010MmcY,0013000001GHkE6,Closed Won,United States,NY,License & Service,Existing Account,10/30/2015,100,Q4-2015,263,2/9/2015
0063000000yU72z,0013000001GjERU,Closed Won,Switzerland,,License & Service,Google Natural Search,10/29/2014,100,Q4-2014,212,3/31/2014
00630000010gqR7,0013000001GjERU,Closed Won,Switzerland,,License,Existing Account,12/31/2015,100,Q4-2015,79,10/13/2015
0063000000yUIiY,0013000001GjNu3,Closed Lost,Canada,ON,License,discoverorg,12/25/2020,0,Q4-2020,2457,4/4/2014
0063000000yVLfh,0013000001GjyKr,Closed Lost,United States,CT,License,Employee Referral,12/25/2020,0,Q4-2020,2446,4/15/2014
0063000000yVUkq,0013000001Gk8S7,Closed Lost,Canada,Ontario,License,,10/31/2016,0,Q4-2016,927,4/18/2014
0063000000yVUpW,0013000001Gk8U3,Qualify,CANADA,,License,,6/24/2016,20,Q2-2016,663,4/18/2014
0063000000yVUrr,0013000001Gk8Vz,Closed Lost,,,License,,11/30/2016,0,Q4-2016,957,4/18/2014
0063000000yVV05,0013000001Gk8cq,Qualify,,,License,,12/31/2016,20,Q4-2016,663,4/18/2014
0063000000yVVAy,0013000001Gk8pk,Qualify,Canada,Ontario,License,,6/15/2016,20,Q2-2016,663,4/18/2014
0063000000yVWnc,0013000001GkB3d,Closed Lost,,,License,,12/25/2020,0,Q4-2020,2440,4/21/2014
0063000000yVWpb,0013000001GkB4R,Closed Lost,,,License,Partner,12/25/2020,0,Q4-2020,2440,4/21/2014
0063000000yVWrS,0013000001GkB63,Closed Lost,United States,OR,Service,Public Relations,12/25/2025,0,Q4-2025,4266,4/21/2014
0063000000yVWrc,0013000001GkB6S,Closed Lost,Netherlands,,License,Web,6/30/2014,0,Q2-2014,70,4/21/2014
0063000000yVWsQ,0013000001GkB76,Interest,United States,TX,License & Service,In House List,9/14/2016,5,Q3-2016,660,4/21/2014
0063000000yVWtJ,0013000001GkB7k,Closed Lost,New Zealand,,License,Public Relations,2/20/2016,0,Q1-2016,670,4/21/2014
0063000000yVWwD,0013000001GkBA5,Closed Lost,United States,CA,License,Small Event,12/25/2020,0,Q4-2020,2440,4/21/2014
0063000000yVWzg,0013000001GkBCV,Closed Lost,United States,AZ,License,Trade Show,12/25/2020,0,Q4-2020,2440,4/21/2014
0063000000yVX7p,0013000001GkBOg,Closed Lost,India,,License,Google Natural Search,12/25/2020,0,Q4-2020,2440,4/21/2014
0063000000yVodd,0013000001GkSGn,Closed Lost,United States,NY,License,Small Event,7/6/2015,0,Q3-2015,433,4/29/2014
0063000000yVtWf,0013000001GkW0b,Prove / POC,United States,IL,License,Google Natural Search,5/30/2016,40,Q2-2016,649,5/2/2014
0063000000yWSli,0013000001GkbF1,Closed Lost,United States,NJ,License & Service,Google Natural Search,12/5/2016,0,Q4-2016,929,5/21/2014
0063000000yW6SI,0013000001Gkhts,Closed Lost,,,License,Employee Referral,12/20/2020,0,Q4-2020,2417,5/9/2014
0063000000yW9WV,0013000001GklHy,Qualify,United States,FL,License,CIO.com,9/30/2016,30,Q3-2016,639,5/12/2014
0063000000zGLpH,0013000001GkpXE,Qualify,United States,NJ,License & Service,TechEd 2014,3/25/2016,20,Q1-2016,539,8/20/2014
0063000000yWEXB,0013000001GkpXi,Closed Lost,,,License,External Referral,12/25/2020,0,Q4-2020,2417,5/14/2014
0063000000yWLz3,0013000001Hdhbm,Closed Lost,,IL,License,Partner,5/20/2015,0,Q2-2015,366,5/19/2014
0063000000yWPst,0013000001Hdy5s,Closed Lost,Australia,,License,twitter.com,4/13/2015,0,Q2-2015,328,5/20/2014
0063000000yWUcv,0013000001He32X,Closed Lost,United States,FL,License,Partner,2/9/2015,0,Q1-2015,263,5/22/2014
0063000000yWXb4,0013000001He6li,Closed Lost,United States,New York,License,Small Event,12/25/2020,0,Q4-2020,2408,5/23/2014
0063000000zEJcG,0013000001He6li,Closed Lost,United States,New York,CloudRise,Small Event,12/18/2015,0,Q4-2015,518,7/18/2014
00630000013E6Ek,0013000001HePNP,Interest,US,TX,,Trade Show,3/31/2016,5,Q1-2016,7,2/3/2016
00630000013DMug,0013000001HePOX,Interest,US,CA,License & Service,Trade Show,12/14/2016,5,Q4-2016,54,12/18/2015
0063000000yWhqm,0013000001HePQi,Closed Lost,Spain,,Service,Google Natural Search,2/9/2015,0,Q1-2015,256,5/29/2014
00630000011jNCu,0013000001HeY3a,Qualify,Netherlands,,License & Service,,12/15/2016,30,Q4-2016,159,9/4/2015
0063000000zEY5h,0013000001HeYI6,Qualify,USA,FL,License,Other,9/30/2016,50,Q3-2016,564,7/26/2014
0063000000zFsKm,0013000001HeYIV,Qualify,Netherlands,OH,CloudRise,Google Natural Search,12/15/2016,30,Q4-2016,557,8/2/2014
0063000000zEJdO,0013000001HeZli,Closed Lost,United States,NC,Service,discoverorg,6/30/2015,0,Q2-2015,347,7/18/2014
0063000000zENeg,0013000001Hfm28,Closed Lost,,CO,Service,Partner,8/1/2015,0,Q3-2015,376,7/21/2014
0063000000zDsHS,0013000001Hg3LX,Qualify,,,License,,5/30/2016,20,Q2-2016,587,7/3/2014
0063000000zEFRM,0013000001HgVIL,Closed Lost,United States,MA,Service,Rainking,12/25/2020,0,Q4-2020,2354,7/16/2014
0063000000zENds,0013000001HghtU,Closed Lost,,MI,License,Partner,8/1/2015,0,Q3-2015,376,7/21/2014
0063000000zEicN,0013000001Hh6z8,Closed Lost,United States,OH,Service,1105,12/25/2019,0,Q4-2019,1973,7/31/2014
0063000000zGKLy,0013000001IedgS,Closed Lost,United States,NY,License,Google Natural Search,4/13/2015,0,Q2-2015,237,8/19/2014
0063000000zH8Xm,0013000001IfH7l,Prove / POC,US,NY,CloudRise,Trade Show,6/24/2016,25,Q2-2016,520,9/8/2014
0063000000zgLmX,0013000001IfJjv,Closed Lost,US,TX,License,Partner,12/25/2020,0,Q4-2020,2299,9/9/2014
0063000000zDdEi,0013000001IfNwi,Closed Lost,,,Service,Google Natural Search,2/9/2015,0,Q1-2015,228,6/26/2014
0063000000ziKp0,0013000001Jc0qH,Closed Lost,,CA,License,Partner,8/25/2015,0,Q3-2015,301,10/28/2014
0063000000ziUAC,0013000001Jc9eu,Prove / POC,US,MN,License,Public Relations,8/31/2016,30,Q3-2016,467,10/31/2014
0063000000ziztA,0013000001JdA0E,Closed Lost,United States,PA,License,,12/31/2014,0,Q4-2014,40,11/21/2014
00630000010MnP1,0013000001JdOjT,Interest,Brazil,,CloudRise,Partner,4/4/2016,5,Q2-2016,366,2/9/2015
0063000000zj9ye,0013000001JdOmN,Closed Lost,Brazil,,CloudRise,Partner,12/7/2015,0,Q4-2015,372,11/30/2014
0063000000zjGzr,0013000001JdY6B,Closed Lost,United States,MI,License,Public Relations,6/30/2016,0,Q2-2016,574,12/4/2014
00630000013Clvw,0013000001JdY6B,Qualify,United States,MI,CloudRise,Outbound,9/29/2016,20,Q3-2016,86,11/16/2015
0063000000zjVLQ,0013000001JdiPs,Closed Lost,,,CloudRise,Partner,7/28/2015,0,Q3-2015,231,12/9/2014
0063000000zjVLu,0013000001JdiUY,Closed Lost,,,CloudRise,Partner,7/28/2015,0,Q3-2015,231,12/9/2014
0063000000zk0xe,0013000001JeKxy,Closed Lost,,,License,External Referral,3/23/2015,0,Q1-2015,76,1/6/2015
00630000010MWoa,0013000001KZ1tW,Qualify,Canada,,License,Web,3/30/2017,20,Q1-2017,377,1/29/2015
00630000010MmeZ,0013000001KZkQk,Closed Lost,United States,,License,Google Natural Search,4/13/2015,0,Q2-2015,63,2/9/2015
00630000010MmhO,0013000001KZkYA,Closed Lost,United States,MA,License,Partner,6/8/2015,0,Q2-2015,119,2/9/2015
00630000010MmhE,0013000001KZkZ3,Closed Won,US,NC,License & Service,discoverorg,9/29/2015,100,Q3-2015,232,2/9/2015
00630000010gs29,0013000001KZkZ3,Procurement,US,NC,License & Service,discoverorg,4/28/2016,80,Q2-2016,120,10/13/2015
00630000010MrqA,0013000001KZsVn,Closed Lost,,,License & Service,Partner,1/5/2016,0,Q1-2016,328,2/11/2015
00630000013CkIx,0013000001KaLdH,Prove / POC,Belgium,,License & Service,Partner,11/30/2016,40,Q4-2016,89,11/13/2015
00630000011jSNE,0013000001KaQeN,Prove / POC,Netherlands,,License & Service,External Referral,6/30/2016,40,Q2-2016,152,9/11/2015
00630000010Nahm,0013000001KaUbs,Interest,France,,License & Service,Outbound,9/30/2016,15,Q3-2016,336,3/11/2015
00630000010PLOT,0013000001Kabp3,Qualify,The Netherlands,,License & Service,Other,9/30/2016,20,Q3-2016,266,5/20/2015
00630000010OKLb,0013000001Kaer4,Closed Lost,United States,TX,Service,Web Referral,5/7/2015,0,Q2-2015,29,4/8/2015
00630000010OqMO,0013000001Kaive,Prove / POC,Belgium / France,,License & Service,Outbound,6/30/2016,50,Q2-2016,287,4/29/2015
00630000011iFi3,0013000001KbArA,Closed Lost,The Netherlands,,License & Service,Outbound,3/31/2016,0,Q1-2016,267,7/8/2015
00630000010NW4V,0013000001KbBbr,Interest,Brazil,RJ,CloudRise,Partner,4/30/2016,5,Q2-2016,338,3/9/2015
00630000010gvne,0013000001KbcZZ,Qualify,The Netherlands,,License & Service,Outbound,10/28/2016,30,Q4-2016,117,10/16/2015
00630000012Ex4l,0013000001L6r9T,Qualify,United States,OH,License & Service,Employee Referral,7/13/2016,20,Q3-2016,135,9/28/2015
00630000010Og6a,0013000001LUrqQ,Qualify,The Netherlands,,License & Service,Other,9/30/2016,20,Q3-2016,294,4/22/2015
00630000010ORas,0013000001LUs7t,Closed Lost,United States,NY,CloudRise,Partner,12/18/2015,0,Q4-2015,249,4/13/2015
00630000010OGHZ,0013000001LUw6D,Qualify,Switzerland,,CloudRise,EMEA Outbound Research,12/31/2016,40,Q4-2016,311,4/5/2015
00630000010OGHe,0013000001LUw6I,Procurement,France,,License & Service,Outbound,6/30/2016,70,Q2-2016,311,4/5/2015
00630000010OGHo,0013000001LUw6N,Qualify,Germany,,CloudRise,saasblogs,12/31/2017,10,Q4-2017,311,4/5/2015
00630000013D5Wl,0013000001LVNS5,Qualify,,,License & Service,,12/31/2016,20,Q4-2016,68,12/4/2015
00630000010OYDm,0013000001LVS0H,Closed Lost,United States,CA,License & Service,Google Natural Search,1/9/2016,0,Q1-2016,268,4/16/2015
00630000011jOiO,0013000001LVfjM,Prove / POC,France,,License & Service,External Referral,11/30/2016,40,Q4-2016,155,9/8/2015
00630000010QTNJ,0013000001LVm4g,Interest,United States,IL,License,Google Natural Search,12/15/2016,5,Q4-2016,219,7/6/2015
00630000013ChAK,0013000001LVm5j,Qualify,United States,MN,License & Service,Partner,6/30/2016,15,Q2-2016,91,11/11/2015
00630000010QTOv,0013000001LVm5j,Interest,United States,MN,License,Trade Show,12/31/2016,5,Q4-2016,219,7/6/2015
00630000010OmZZ,0013000001LVm7z,Interest,Canada,ON,License,linkedinad,6/30/2016,5,Q2-2016,289,4/27/2015
00630000010OsiO,0013000001LVtao,Interest,United States,VA,License & Service,Partner,6/30/2016,5,Q2-2016,286,4/30/2015
00630000010P220,0013000001LW7hi,Closed Lost,United States,CA,License & Service,Google Natural Search,1/18/2016,0,Q1-2016,257,5/6/2015
00630000010P3Ir,0013000001LW9Du,Interest,United States,MI,License & Service,Rainking,5/30/2016,5,Q2-2016,279,5/7/2015
00630000010P7EJ,0013000001LWFT1,Qualify,United States,CA,CloudRise,Partner,6/30/2016,20,Q2-2016,275,5/11/2015
00630000010PGpO,0013000001LWS8R,Qualify,,,License & Service,Outbound,6/13/2016,10,Q2-2016,269,5/17/2015
00630000010PGqM,0013000001LWS95,Closed Lost,United States,Missouri,License & Service,Google Natural Search,1/4/2016,0,Q1-2016,232,5/17/2015
00630000010PGqW,0013000001LWS9F,Closed Lost,United States,"D.C,",License & Service,Google Adwords,1/4/2016,0,Q1-2016,232,5/17/2015
00630000010PGql,0013000001LWS9Z,Qualify,,FL,License & Service,Google Adwords,5/30/2016,20,Q2-2016,269,5/17/2015
00630000010PIJ4,0013000001LWUBt,Closed Lost,,,CloudRise,Partner,1/1/2016,0,Q1-2016,228,5/18/2015
00630000010PS5d,0013000001LWkcJ,Procurement,United Kingdom,,License & Service,Web Referral,3/31/2016,50,Q1-2016,261,5/25/2015
00630000010PUaa,0013000001LWp5j,Qualify,United States,MA,License & Service,External Referral,5/30/2016,20,Q2-2016,260,5/26/2015
00630000010PhsY,0013000001LX5jT,Qualify,Brazil,So Paulo,License & Service,Partner,5/31/2016,10,Q2-2016,252,6/3/2015
00630000011ihWR,0013000001LY7q6,Qualify,UNITED STATES OF AMERICA,OH,License,Rep Relationship,6/30/2016,30,Q2-2016,198,7/27/2015
00630000010QIxO,0013000001LYE3C,Interest,,,License & Service,Google Natural Search,12/30/2016,5,Q4-2016,226,6/29/2015
00630000010QIyH,0013000001LYE3v,Prove / POC,,,License & Service,,7/31/2016,40,Q3-2016,226,6/29/2015
00630000011iOke,0013000001LYFLv,Closed Lost,,,CloudRise,Rep Relationship,6/30/2016,0,Q2-2016,352,7/14/2015
00630000011j7nF,0013000001LYFM1,Interest,United States,OH,CloudRise,Outbound,12/31/2016,5,Q4-2016,177,8/17/2015
00630000011jSuw,0013000001LYFM2,Interest,,,License,Rep Relationship,12/31/2016,5,Q4-2016,152,9/11/2015
00630000011jDTc,0013000001LYFM4,Closed Lost,,,License & Service,Outbound,10/31/2016,0,Q4-2016,434,8/24/2015
00630000011j7mC,0013000001LYFM9,Interest,,,CloudRise,Rep Relationship,12/31/2016,5,Q4-2016,177,8/17/2015
00630000010QQnG,0013000001LYOGW,Closed Lost,Puerto Rico,Guyanabo,License & Service,Partner,9/1/2015,0,Q3-2015,61,7/2/2015
00630000011j7nP,0013000001LYrjL,Interest,United States,MI,CloudRise,Google Ad,9/30/2016,15,Q3-2016,177,8/17/2015
00630000011ilvz,0013000001LYuqm,Closed Lost,,,CloudRise,Rep Relationship,12/31/2016,0,Q4-2016,521,7/29/2015
00630000011ielK,0013000001MeNp7,Interest,,,License & Service,Partner,12/21/2016,5,Q4-2016,201,7/24/2015
00630000011ihVx,0013000001MeRsP,Closed Won,United States,MD,License & Service,Google Adwords,9/30/2015,100,Q3-2015,65,7/27/2015
00630000011iqVd,0013000001MecTH,Qualify,United States,MO,License & Service,Google Natural Search,5/27/2016,20,Q2-2016,194,7/31/2015
00630000011jBlt,0013000001MfIf1,Prove / POC,United Kingdom,,License & Service,,12/31/2017,10,Q4-2017,173,8/21/2015
00630000011jDNK,0013000001MfMM4,Qualify,Australia,VIC,CloudRise,Google Natural Search,6/30/2016,20,Q2-2016,170,8/24/2015
00630000011jDNy,0013000001MfMMs,Interest,United States,OR,License & Service,Bing Natural Search,6/30/2017,5,Q2-2017,170,8/24/2015
00630000011jK0h,0013000001Mfb8A,Qualify,USA,VA,License & Service,Rep Relationship,5/27/2016,20,Q2-2016,162,9/1/2015
00630000011jKml,0013000001MfuI2,Qualify,United States,OH,License,Bing Natural Search,6/30/2016,20,Q2-2016,162,9/1/2015
00630000011jNCk,0013000001MgWpo,Qualify,,,License & Service,Partner,12/31/2016,30,Q4-2016,159,9/4/2015
00630000011jNCp,0013000001MgWqC,Qualify,,,License & Service,Google Natural Search,12/31/2017,10,Q4-2017,159,9/4/2015
00630000011jSd2,0013000001MgoBP,Prove / POC,Germany,MN,License & Service,Web,3/31/2016,55,Q1-2016,152,9/11/2015
00630000010hCi7,0013000001Mgtms,Interest,US,OH,CloudRise,TrueInfluence,12/31/2016,5,Q4-2016,104,10/29/2015
00630000011jaTi,0013000001MhPj6,Closed Lost,United States,OK,License & Service,Web,6/27/2016,0,Q2-2016,285,9/16/2015
00630000011jb2R,0013000001MhRGE,Interest,United States,ID,License & Service,Google Ads,8/29/2016,5,Q3-2016,146,9/17/2015
00630000011jeiQ,0013000001Mhcqi,Interest,France,,License & Service,Rainking,9/30/2016,15,Q3-2016,142,9/21/2015
00630000010gbrE,0013000001N8YWg,Prove / POC,,,License & Service,Partner,3/31/2016,70,Q1-2016,129,10/4/2015
00630000010gvZT,0013000001N9nkT,Interest,United States,CA,License & Service,Public Relations,4/4/2016,5,Q2-2016,118,10/15/2015
00630000010hDC2,0013000001NAgFF,Qualify,,,License & Service,Trade Show,12/31/2017,10,Q4-2017,103,10/30/2015
00630000013CkIY,0013000001NBUFi,Qualify,Norway,,License & Service,Partner,10/31/2016,20,Q4-2016,89,11/13/2015
00630000013CqpE,0013000001NBfTG,Qualify,Brasil,RJ,License & Service,Partner,4/29/2016,30,Q2-2016,83,11/19/2015
00630000013CtL4,0013000001Nrqdz,Prove / POC,Germany,,License & Service,Web,12/31/2016,20,Q4-2016,80,11/22/2015
00630000013CvX7,0013000001Nrsew,Qualify,Brasil,RJ,License & Service,Partner,4/29/2016,30,Q2-2016,78,11/24/2015
00630000013Cvxt,0013000001Nrwk6,Prove / POC,,,License & Service,Partner,4/29/2016,40,Q2-2016,78,11/24/2015
00630000013CxcK,0013000001Nrzwd,Qualify,Brasil,SP,License & Service,Partner,4/25/2016,30,Q2-2016,77,11/25/2015
00630000013Cxdc,0013000001Nrzy0,Qualify,Brasil,RJ,License & Service,Partner,4/25/2016,30,Q2-2016,77,11/25/2015
00630000013Cxfx,0013000001Ns0g0,Qualify,Brasil,RJ,License & Service,Partner,4/25/2016,30,Q2-2016,77,11/25/2015
00630000013Cyat,0013000001Ns0ul,Prove / POC,Brasil,RJ,License & Service,Partner,3/21/2016,30,Q1-2016,75,11/27/2015
00630000013Cy6j,0013000001Ns2Te,Interest,The Netherlands,,License & Service,linkedin,9/30/2016,15,Q3-2016,76,11/26/2015
00630000013DNqW,0013000001Ns4zh,Qualify,Belgi,,License & Service,Partner,11/30/2016,20,Q4-2016,51,12/21/2015
00630000013D2Lq,0013000001Ns59w,Qualify,Brasil,RJ,License & Service,Partner,4/25/2016,30,Q2-2016,70,12/2/2015
00630000013D2Ks,0013000001NsDYm,Qualify,Brasil,SP,License & Service,Partner,4/25/2016,30,Q2-2016,70,12/2/2015
00630000013D5Up,0013000001NsLG5,Qualify,,,License & Service,,9/30/2016,40,Q3-2016,68,12/4/2015
00630000013D5WR,0013000001NsLOO,Qualify,,,License & Service,,6/30/2016,70,Q2-2016,68,12/4/2015
00630000013D6bw,0013000001NsN8J,Qualify,Brasil,SP,License & Service,Partner,5/31/2017,20,Q2-2017,68,12/4/2015
00630000013DAZJ,0013000001NsZia,Qualify,Brasil,RJ,License & Service,Partner,4/25/2016,30,Q2-2016,63,12/9/2015
00630000013DCHW,0013000001Nsduf,Qualify,Brasil,RJ,License,Partner,4/25/2016,30,Q2-2016,62,12/10/2015
00630000013DFWf,0013000001Nt9nk,Qualify,Brasil,SP,License & Service,Partner,4/25/2016,30,Q2-2016,58,12/14/2015
00630000013DJyu,0013000001NtAAu,Qualify,Brasil,RJ,License & Service,Partner,4/25/2016,30,Q2-2016,56,12/16/2015
00630000013DMlP,0013000001NtFsR,Interest,United States,MN,CloudRise,Web Referral,9/30/2016,5,Q3-2016,54,12/18/2015
00630000013DKiT,0013000001NtLNj,Qualify,Sweden,Nacka,License & Service,External Referral,9/30/2016,20,Q3-2016,55,12/17/2015
00630000013DLIg,0013000001NtMfK,Interest,United States,PA,License & Service,Trade Show,5/27/2016,5,Q2-2016,55,12/17/2015
00630000013DMxa,0013000001NtQLa,Interest,United States,NY,License & Service,Bing Ads,5/27/2016,5,Q2-2016,54,12/18/2015
00630000013DNql,0013000001NtTox,Qualify,Denmark,,License & Service,Email,9/30/2016,20,Q3-2016,51,12/21/2015
00630000013DUI9,0013000001NuEcM,Qualify,United Kingdom,,License & Service,,3/31/2016,50,Q1-2016,39,1/2/2016
00630000013DUIE,0013000001NuEcR,Qualify,,,License & Service,,12/31/2016,20,Q4-2016,39,1/2/2016
00630000013DUIJ,0013000001NuEcW,Qualify,Taiwan,,License & Service,Partner,5/31/2016,30,Q2-2016,39,1/2/2016
00630000013DXXb,0013000001NuORl,Prove / POC,United States,CT,CloudRise,Google Natural Search,5/16/2016,50,Q2-2016,36,1/5/2016
00630000013DXyI,0013000001NuPuJ,Qualify,United States,MN,License & Service,Google Ad,6/30/2016,20,Q2-2016,35,1/6/2016
00630000013DZzh,0013000001NuUhX,Closed Lost,,OR,Service,Partner,1/21/2016,0,Q1-2016,14,1/7/2016
00630000013Dn2k,0013000001Nv5PQ,Qualify,Brasil,RJ,License & Service,Partner,4/29/2016,30,Q2-2016,23,1/18/2016
00630000013Dn8n,0013000001Nv5YJ,Qualify,Brasil,RJ,License,Partner,4/25/2016,30,Q2-2016,23,1/18/2016
00630000013DqqF,0013000001NvCds,Interest,United States,TX,License & Service,Trade Show,3/31/2017,1,Q1-2017,21,1/20/2016
00630000013Du9i,0013000001NvKrp,Interest,Brazil,So Paulo,License & Service,Partner,12/31/2016,20,Q4-2016,18,1/23/2016
00630000013E4JN,0013000001P5Qz1,Prove / POC,Netherlands,,License & Service,Web,3/31/2016,60,Q1-2016,8,2/2/2016
,,,,,,,,,,,
,,,,,,,,,,,
Opportunity Report,,,,,,,,,,,
"Copyright (c) 2000-2016 salesforce.com, inc. All rights reserved.",,,,,,,,,,,
Confidential Information - Do Not Distribute,,,,,,,,,,,
Generated By:  Kyle Deweerdt  2/10/2016 4:50 PM,,,,,,,,,,,
"Apprenda, Inc.",,,,,,,,,,,
